{
  "traditional|ubuntu-latest|cold": {
    "n": 5,
    "min": 15.0,
    "max": 20.0,
    "avg": 17.2,
    "median": 17.0,
    "stddev": 2.039607805437114
  },
  "traditional|ubuntu-latest|warm": {
    "n": 5,
    "min": 16.0,
    "max": 19.0,
    "avg": 17.2,
    "median": 17.0,
    "stddev": 1.1661903789690602
  },
  "flox-mirror|ubuntu-latest|cold": {
    "n": 5,
    "min": 60.0,
    "max": 68.0,
    "avg": 64.8,
    "median": 64.0,
    "stddev": 2.9933259094191533
  },
  "flox-mirror|ubuntu-latest|warm": {
    "n": 5,
    "min": 63.0,
    "max": 67.0,
    "avg": 64.6,
    "median": 64.0,
    "stddev": 1.3564659966250536
  },
  "flox-consolidated|ubuntu-latest|cold": {
    "n": 5,
    "min": 60.0,
    "max": 71.0,
    "avg": 64.8,
    "median": 65.0,
    "stddev": 3.7629775444453557
  },
  "flox-consolidated|ubuntu-latest|warm": {
    "n": 5,
    "min": 60.0,
    "max": 65.0,
    "avg": 62.8,
    "median": 64.0,
    "stddev": 2.3151673805580453
  },
  "traditional|macos-latest|cold": {
    "n": 5,
    "min": 35.0,
    "max": 39.0,
    "avg": 36.4,
    "median": 36.0,
    "stddev": 1.4966629547095767
  },
  "traditional|macos-latest|warm": {
    "n": 3,
    "min": 34.0,
    "max": 41.0,
    "avg": 38.666666666666664,
    "median": 41.0,
    "stddev": 3.2998316455372216
  },
  "flox-mirror|macos-latest|cold": {
    "n": 5,
    "min": 295.0,
    "max": 331.0,
    "avg": 318.4,
    "median": 324.0,
    "stddev": 13.514436725220921
  },
  "flox-mirror|macos-latest|warm": {
    "n": 5,
    "min": 292.0,
    "max": 323.0,
    "avg": 303.6,
    "median": 302.0,
    "stddev": 10.89219904335208
  },
  "flox-consolidated|macos-latest|cold": {
    "n": 5,
    "min": 169.0,
    "max": 199.0,
    "avg": 181.6,
    "median": 173.0,
    "stddev": 13.879481258317979
  },
  "flox-consolidated|macos-latest|warm": {
    "n": 5,
    "min": 132.0,
    "max": 201.0,
    "avg": 161.6,
    "median": 158.0,
    "stddev": 27.059933481071234
  }
}
