{
  "traditional|macos-latest|cold": {
    "n": 5,
    "min": 38.0,
    "max": 125.0,
    "avg": 64.0,
    "median": 55.0,
    "stddev": 31.138400729645703
  },
  "traditional|macos-latest|warm": {
    "n": 5,
    "min": 45.0,
    "max": 55.0,
    "avg": 49.0,
    "median": 48.0,
    "stddev": 3.4058772731852804
  },
  "mise-mirror|macos-latest|cold": {
    "n": 4,
    "min": 64.0,
    "max": 79.0,
    "avg": 68.75,
    "median": 66.0,
    "stddev": 6.015604707757983
  },
  "mise-mirror|macos-latest|warm": {
    "n": 5,
    "min": 49.0,
    "max": 65.0,
    "avg": 55.8,
    "median": 55.0,
    "stddev": 5.74108003776293
  },
  "mise-consolidated|macos-latest|cold": {
    "n": 5,
    "min": 34.0,
    "max": 42.0,
    "avg": 39.4,
    "median": 41.0,
    "stddev": 2.870540018881465
  },
  "mise-consolidated|macos-latest|warm": {
    "n": 5,
    "min": 25.0,
    "max": 33.0,
    "avg": 29.8,
    "median": 32.0,
    "stddev": 3.1874754901018454
  },
  "flox-mirror|macos-latest|cold": {
    "n": 3,
    "min": 385.0,
    "max": 424.0,
    "avg": 405.6666666666667,
    "median": 408.0,
    "stddev": 16.006942938057293
  },
  "flox-mirror|macos-latest|warm": {
    "n": 3,
    "min": 358.0,
    "max": 426.0,
    "avg": 389.3333333333333,
    "median": 384.0,
    "stddev": 28.015868519267592
  },
  "flox-consolidated|macos-latest|cold": {
    "n": 6,
    "min": 159.0,
    "max": 224.0,
    "avg": 192.33333333333334,
    "median": 197.5,
    "stddev": 22.402876799395404
  },
  "flox-consolidated|macos-latest|warm": {
    "n": 2,
    "min": 185.0,
    "max": 202.0,
    "avg": 193.5,
    "median": 193.5,
    "stddev": 8.5
  },
  "flox-nocache-mirror|macos-latest|cold": {
    "n": 1,
    "min": 365.0,
    "max": 365.0,
    "avg": 365.0,
    "median": 365.0,
    "stddev": 0.0
  },
  "flox-nocache-mirror|macos-latest|warm": {
    "n": 6,
    "min": 342.0,
    "max": 404.0,
    "avg": 382.5,
    "median": 388.5,
    "stddev": 21.226948281213986
  },
  "flox-nocache-consolidated|macos-latest|cold": {
    "n": 5,
    "min": 175.0,
    "max": 210.0,
    "avg": 195.6,
    "median": 200.0,
    "stddev": 13.215142829345432
  },
  "flox-nocache-consolidated|macos-latest|warm": {
    "n": 5,
    "min": 188.0,
    "max": 216.0,
    "avg": 200.8,
    "median": 199.0,
    "stddev": 11.124747188138704
  },
  "flox-noaction-mirror|macos-latest|cold": {
    "n": 5,
    "min": 336.0,
    "max": 424.0,
    "avg": 368.0,
    "median": 366.0,
    "stddev": 30.225816779700097
  },
  "flox-noaction-mirror|macos-latest|warm": {
    "n": 5,
    "min": 365.0,
    "max": 413.0,
    "avg": 393.0,
    "median": 404.0,
    "stddev": 19.256167843057455
  },
  "flox-noaction-consolidated|macos-latest|cold": {
    "n": 5,
    "min": 181.0,
    "max": 196.0,
    "avg": 191.6,
    "median": 193.0,
    "stddev": 5.535341001239219
  },
  "flox-noaction-consolidated|macos-latest|warm": {
    "n": 5,
    "min": 161.0,
    "max": 209.0,
    "avg": 183.2,
    "median": 183.0,
    "stddev": 16.642115250171777
  },
  "traditional|ubuntu-latest|cold": {
    "n": 6,
    "min": 16.0,
    "max": 38.0,
    "avg": 24.333333333333332,
    "median": 22.0,
    "stddev": 7.520342781785652
  },
  "traditional|ubuntu-latest|warm": {
    "n": 3,
    "min": 20.0,
    "max": 29.0,
    "avg": 23.0,
    "median": 20.0,
    "stddev": 4.242640687119285
  },
  "flox-mirror|ubuntu-latest|cold": {
    "n": 5,
    "min": 64.0,
    "max": 75.0,
    "avg": 70.0,
    "median": 69.0,
    "stddev": 4.049691346263318
  },
  "flox-mirror|ubuntu-latest|warm": {
    "n": 5,
    "min": 71.0,
    "max": 78.0,
    "avg": 74.0,
    "median": 72.0,
    "stddev": 3.286335345030997
  },
  "flox-consolidated|ubuntu-latest|cold": {
    "n": 5,
    "min": 65.0,
    "max": 72.0,
    "avg": 69.0,
    "median": 70.0,
    "stddev": 2.6076809620810595
  },
  "flox-consolidated|ubuntu-latest|warm": {
    "n": 5,
    "min": 63.0,
    "max": 66.0,
    "avg": 64.4,
    "median": 64.0,
    "stddev": 1.019803902718557
  },
  "mise-mirror|ubuntu-latest|cold": {
    "n": 5,
    "min": 29.0,
    "max": 32.0,
    "avg": 30.2,
    "median": 30.0,
    "stddev": 1.1661903789690602
  },
  "mise-mirror|ubuntu-latest|warm": {
    "n": 5,
    "min": 17.0,
    "max": 115.0,
    "avg": 44.6,
    "median": 26.0,
    "stddev": 36.39010854614204
  },
  "mise-consolidated|ubuntu-latest|cold": {
    "n": 2,
    "min": 24.0,
    "max": 25.0,
    "avg": 24.5,
    "median": 24.5,
    "stddev": 0.5
  },
  "mise-consolidated|ubuntu-latest|warm": {
    "n": 5,
    "min": 17.0,
    "max": 31.0,
    "avg": 22.8,
    "median": 23.0,
    "stddev": 4.833218389437829
  },
  "flox-nocache-mirror|ubuntu-latest|cold": {
    "n": 5,
    "min": 61.0,
    "max": 66.0,
    "avg": 63.6,
    "median": 63.0,
    "stddev": 1.7435595774162693
  },
  "flox-nocache-mirror|ubuntu-latest|warm": {
    "n": 5,
    "min": 62.0,
    "max": 69.0,
    "avg": 64.8,
    "median": 64.0,
    "stddev": 2.4819347291981715
  },
  "flox-nocache-consolidated|ubuntu-latest|cold": {
    "n": 5,
    "min": 63.0,
    "max": 69.0,
    "avg": 65.6,
    "median": 65.0,
    "stddev": 2.1540659228538015
  },
  "flox-nocache-consolidated|ubuntu-latest|warm": {
    "n": 5,
    "min": 61.0,
    "max": 68.0,
    "avg": 63.2,
    "median": 62.0,
    "stddev": 2.6381811916545836
  },
  "flox-noaction-mirror|ubuntu-latest|cold": {
    "n": 4,
    "min": 69.0,
    "max": 71.0,
    "avg": 70.25,
    "median": 70.5,
    "stddev": 0.82915619758885
  },
  "flox-noaction-mirror|ubuntu-latest|warm": {
    "n": 1,
    "min": 75.0,
    "max": 75.0,
    "avg": 75.0,
    "median": 75.0,
    "stddev": 0.0
  },
  "flox-noaction-consolidated|ubuntu-latest|cold": {
    "n": 3,
    "min": 66.0,
    "max": 69.0,
    "avg": 67.0,
    "median": 66.0,
    "stddev": 1.4142135623730951
  },
  "flox-noaction-consolidated|ubuntu-latest|warm": {
    "n": 6,
    "min": 66.0,
    "max": 85.0,
    "avg": 72.66666666666667,
    "median": 71.0,
    "stddev": 6.394442031083626
  },
  "flox-baked|ubuntu-latest|cold": {
    "n": 5,
    "min": 58.0,
    "max": 74.0,
    "avg": 65.8,
    "median": 66.0,
    "stddev": 5.3065996645686395
  },
  "flox-baked|ubuntu-latest|warm": {
    "n": 5,
    "min": 59.0,
    "max": 71.0,
    "avg": 62.8,
    "median": 60.0,
    "stddev": 4.445222154178574
  }
}
