{
  "traditional|ubuntu-latest|cold": {
    "n": 2,
    "min": 17.0,
    "max": 19.0,
    "avg": 18.0,
    "median": 18.0,
    "stddev": 1.0
  },
  "traditional|ubuntu-latest|warm": {
    "n": 1,
    "min": 17.0,
    "max": 17.0,
    "avg": 17.0,
    "median": 17.0,
    "stddev": 0.0
  },
  "flox-mirror|ubuntu-latest|cold": {
    "n": 3,
    "min": 62.0,
    "max": 64.0,
    "avg": 63.333333333333336,
    "median": 64.0,
    "stddev": 0.9428090415820634
  },
  "flox-mirror|ubuntu-latest|warm": {
    "n": 3,
    "min": 61.0,
    "max": 67.0,
    "avg": 63.666666666666664,
    "median": 63.0,
    "stddev": 2.494438257849294
  },
  "flox-consolidated|ubuntu-latest|cold": {
    "n": 3,
    "min": 62.0,
    "max": 66.0,
    "avg": 64.33333333333333,
    "median": 65.0,
    "stddev": 1.699673171197595
  },
  "flox-consolidated|ubuntu-latest|warm": {
    "n": 3,
    "min": 58.0,
    "max": 67.0,
    "avg": 62.333333333333336,
    "median": 62.0,
    "stddev": 3.681787005729087
  }
}
