side,os,cache,n,min,max,avg,median,stddev
flox-consolidated,ubuntu-latest,cold,3,62.0,66.0,64.33333333333333,65.0,1.699673171197595
flox-mirror,ubuntu-latest,cold,3,62.0,64.0,63.333333333333336,64.0,0.9428090415820634
traditional,ubuntu-latest,cold,2,17.0,19.0,18.0,18.0,1.0
flox-consolidated,ubuntu-latest,warm,3,58.0,67.0,62.333333333333336,62.0,3.681787005729087
flox-mirror,ubuntu-latest,warm,3,61.0,67.0,63.666666666666664,63.0,2.494438257849294
traditional,ubuntu-latest,warm,1,17.0,17.0,17.0,17.0,0.0
